City_ID,City,Country,Date,Lat,Lng,Max Temp,Humidity,Cloudiness,Wind Speed
0,Champerico,GT,2021-09-02 14:53:31,14.3,-91.9167,89.73,78,83,6.55
1,Port Elizabeth,ZA,2021-09-02 14:53:32,-33.918,25.5701,70.11,88,75,14.97
2,Acarau,BR,2021-09-02 14:53:35,-2.8856,-40.12,88.74,52,12,16.17
3,Bredasdorp,ZA,2021-09-02 14:53:37,-34.5322,20.0403,67.28,72,100,19.57
4,Carolina,PR,2021-09-02 14:51:41,18.3808,-65.9574,89.73,65,40,9.22
5,Fortuna,US,2021-09-02 14:53:40,40.5982,-124.1573,50.99,73,90,3.0
6,Meulaboh,ID,2021-09-02 14:49:08,4.1363,96.1285,77.43,83,83,4.61
7,Leningradskiy,RU,2021-09-02 14:53:42,69.3833,178.4167,31.51,99,100,1.68
8,Butaritari,KI,2021-09-02 14:53:44,3.0707,172.7902,82.4,69,45,10.49
9,Hobart,AU,2021-09-02 14:52:38,-42.8794,147.3294,68.25,42,100,4.0
10,Souillac,MU,2021-09-02 14:53:46,-20.5167,57.5167,72.36,68,40,17.27
11,Chuy,UY,2021-09-02 14:53:49,-33.6971,-53.4616,61.29,96,100,5.91
12,Albany,US,2021-09-02 14:53:51,42.6001,-73.9662,69.31,68,0,8.79
13,Ribeira Brava,PT,2021-09-02 14:53:52,32.65,-17.0667,81.23,80,54,1.36
14,Iqaluit,CA,2021-09-02 14:53:54,63.7506,-68.5145,51.53,54,75,13.8
15,Kapaa,US,2021-09-02 14:53:56,22.0752,-159.319,80.92,73,75,1.99
16,Vinh,VN,2021-09-02 14:50:05,18.6667,105.6667,79.99,81,43,1.92
17,Tiarei,PF,2021-09-02 14:53:58,-17.5333,-149.3333,75.22,68,3,19.93
18,Palauig,PH,2021-09-02 14:54:00,15.435,119.9045,81.1,80,98,4.76
19,Ushuaia,AR,2021-09-02 14:54:01,-54.8,-68.3,40.62,70,0,5.75
20,Tanabe,JP,2021-09-02 14:51:02,33.7333,135.3667,79.93,80,97,3.98
21,Tabuk,PH,2021-09-02 14:54:04,17.4189,121.4443,74.7,92,97,2.91
22,Bela,IN,2021-09-02 14:54:05,25.9333,81.9833,87.15,67,100,3.65
23,Samagaltay,RU,2021-09-02 14:54:05,50.6022,95.0047,46.29,75,13,7.09
24,Tuatapere,NZ,2021-09-02 14:54:06,-46.1333,167.6833,38.82,74,72,5.97
25,Henties Bay,NA,2021-09-02 14:54:07,-22.116,14.2845,56.86,78,0,15.08
26,Busselton,AU,2021-09-02 14:52:55,-33.65,115.3333,44.04,63,93,7.05
27,Chunhuhub,MX,2021-09-02 14:54:10,19.55,-88.6833,86.77,54,41,6.6
28,Shetpe,KZ,2021-09-02 14:52:05,44.1667,52.1167,88.32,12,1,8.55
29,Korla,CN,2021-09-02 14:54:12,41.7597,86.1469,73.27,42,1,6.42
30,Torbay,CA,2021-09-02 14:54:13,47.6666,-52.7314,68.76,87,90,5.75
31,Jamestown,US,2021-09-02 14:52:54,42.097,-79.2353,68.02,60,40,5.99
32,Serebryansk,KZ,2021-09-02 14:54:16,49.6925,83.2892,53.15,57,14,3.31
33,Kahului,US,2021-09-02 14:52:41,20.8947,-156.47,76.26,69,20,8.05
34,Olafsvik,IS,2021-09-02 14:54:17,64.8945,-23.7142,54.37,89,100,14.45
35,Mataura,NZ,2021-09-02 14:54:18,-46.1927,168.8643,38.48,96,51,3.13
36,Shambu,ET,2021-09-02 14:54:20,9.5667,37.1,57.9,91,84,1.66
37,Mokhsogollokh,RU,2021-09-02 14:54:21,61.4681,128.9203,49.64,64,7,3.29
38,Rikitea,PF,2021-09-02 14:54:23,-23.1203,-134.9692,73.36,77,3,20.58
39,Phan Thiet,VN,2021-09-02 14:54:26,10.9333,108.1,78.22,89,100,2.93
40,Airai,TL,2021-09-02 14:54:27,-8.9266,125.4092,58.59,91,37,3.02
41,Aguimes,ES,2021-09-02 14:52:04,27.9054,-15.4461,81.66,71,20,18.41
42,Kaitangata,NZ,2021-09-02 14:54:28,-46.2817,169.8464,41.72,86,82,5.19
43,Severo-Kurilsk,RU,2021-09-02 14:54:29,50.6789,156.125,53.26,93,87,5.84
44,Komsomolskiy,UZ,2021-09-02 14:54:31,40.4272,71.7189,86.72,21,0,0.0
45,Marsa Matruh,EG,2021-09-02 14:54:31,31.3525,27.2453,84.4,61,20,17.27
46,Atuona,PF,2021-09-02 14:54:33,-9.8,-139.0333,76.5,82,25,19.28
47,Castro,BR,2021-09-02 14:54:35,-24.7911,-50.0119,73.8,39,100,6.96
48,East London,ZA,2021-09-02 14:54:37,-33.0153,27.9116,70.74,73,20,17.27
49,Punta Arenas,CL,2021-09-02 14:53:36,-53.15,-70.9167,35.71,75,0,8.05
50,Cape Town,ZA,2021-09-02 14:50:19,-33.9258,18.4232,66.11,67,0,18.41
51,Havoysund,NO,2021-09-02 14:54:40,70.9963,24.6622,43.68,74,100,21.52
52,Puri,IN,2021-09-02 14:54:42,19.8,85.85,82.92,79,100,9.22
53,Hithadhoo,MV,2021-09-02 14:54:42,-0.6,73.0833,83.21,67,45,7.11
54,Noumea,NC,2021-09-02 14:51:46,-22.2763,166.4572,60.78,72,99,9.69
55,Saint George,US,2021-09-02 14:54:43,37.1041,-113.5841,76.39,72,1,3.0
56,Ayagoz,KZ,2021-09-02 14:51:08,47.9714,80.4392,60.03,33,0,16.22
57,Maumere,ID,2021-09-02 14:54:46,-8.6199,122.2111,78.53,85,40,8.32
58,Puerto Ayora,EC,2021-09-02 14:54:46,-0.7393,-90.3518,71.56,89,94,5.01
59,Ancud,CL,2021-09-02 14:54:48,-41.8697,-73.8203,48.42,83,100,2.26
60,Cuyo,PH,2021-09-02 14:54:50,10.8525,121.0086,81.52,77,97,0.43
61,Chokurdakh,RU,2021-09-02 14:54:51,70.6333,147.9167,46.04,60,100,8.75
62,Khatanga,RU,2021-09-02 14:54:52,71.9667,102.5,36.46,77,100,7.25
63,New Norfolk,AU,2021-09-02 14:51:25,-42.7826,147.0587,67.91,38,94,4.0
64,Lebu,CL,2021-09-02 14:54:56,-37.6167,-73.65,55.47,70,100,3.42
65,Hilo,US,2021-09-02 14:54:58,19.7297,-155.09,73.62,83,75,4.61
66,Yulara,AU,2021-09-02 14:55:00,-25.2406,130.9889,73.24,35,99,14.97
67,Upernavik,GL,2021-09-02 14:55:01,72.7868,-56.1549,38.48,55,0,8.12
68,Tasiilaq,GL,2021-09-02 14:55:03,65.6145,-37.6368,40.96,93,100,19.91
69,Kodiak,US,2021-09-02 14:55:04,57.79,-152.4072,52.65,92,100,9.37
70,Port Alfred,ZA,2021-09-02 14:55:06,-33.5906,26.891,66.97,77,83,14.92
71,Carnarvon,AU,2021-09-02 14:55:08,-24.8667,113.6333,62.67,64,0,19.57
72,Norman Wells,CA,2021-09-02 14:55:11,65.282,-126.8329,51.84,87,40,5.75
73,Nanortalik,GL,2021-09-02 14:55:13,60.1432,-45.2371,43.05,97,100,6.93
74,Eatonton,US,2021-09-02 14:55:15,33.3268,-83.3885,80.82,70,0,6.53
75,Poienile Izei,RO,2021-09-02 14:55:17,47.7,24.1167,64.11,59,33,8.57
76,Constitucion,CL,2021-09-02 14:55:19,-35.3333,-72.4167,59.13,64,40,3.29
77,Kijang,KR,2021-09-02 14:52:02,35.2442,129.2139,71.33,86,100,7.4
78,Bluff,NZ,2021-09-02 14:55:21,-46.6,168.3333,38.8,84,57,11.07
79,Taltal,CL,2021-09-02 14:55:22,-25.4,-70.4833,62.1,71,23,5.32
80,Chepareria,KE,2021-09-02 14:55:24,1.3077,35.2039,68.68,75,39,1.3
81,Hermanus,ZA,2021-09-02 14:52:02,-34.4187,19.2345,67.8,66,100,5.19
82,Bom Jesus,BR,2021-09-02 14:55:27,-9.0744,-44.3586,83.32,43,100,5.35
83,Ilulissat,GL,2021-09-02 14:55:29,69.2167,-51.1,36.63,57,0,2.48
84,Esperance,AU,2021-09-02 14:55:31,-33.8667,121.9,44.44,72,78,13.94
85,Barrow,US,2021-09-02 14:55:32,71.2906,-156.7887,31.3,85,43,14.0
86,Jeremie,HT,2021-09-02 14:55:33,18.65,-74.1167,84.45,71,96,4.97
87,Muros,ES,2021-09-02 14:55:35,42.7762,-9.0603,73.24,85,80,4.72
88,Freeport,US,2021-09-02 14:55:36,40.6576,-73.5832,73.18,66,16,1.99
89,Arraial Do Cabo,BR,2021-09-02 14:55:38,-22.9661,-42.0278,76.96,69,0,20.71
90,Guerrero Negro,MX,2021-09-02 14:55:00,27.9769,-114.0611,69.4,71,73,11.56
91,Saint-Philippe,RE,2021-09-02 14:55:40,-21.3585,55.7679,72.99,79,23,12.62
92,Reconquista,AR,2021-09-02 14:55:42,-29.15,-59.65,72.03,62,100,6.93
93,San Patricio,US,2021-09-02 14:55:44,28.017,-97.5169,90.88,60,3,8.61
94,Longyearbyen,SJ,2021-09-02 14:52:08,78.2186,15.6401,40.84,65,20,14.97
95,Qaanaaq,GL,2021-09-02 14:55:46,77.484,-69.3632,36.45,54,100,7.54
96,Saskylakh,RU,2021-09-02 14:55:48,71.9167,114.0833,35.69,97,100,20.76
97,Banda Aceh,ID,2021-09-02 14:55:50,5.5577,95.3222,79.61,80,97,10.65
98,Mahebourg,MU,2021-09-02 14:55:51,-20.4081,57.7,72.25,68,40,17.27
99,Isangel,VU,2021-09-02 14:55:53,-19.55,169.2667,71.13,60,100,11.32
100,Mayumba,GA,2021-09-02 14:55:54,-3.432,10.6554,75.74,80,100,5.82
101,Vaini,TO,2021-09-02 14:55:56,-21.2,-175.2,69.96,83,90,6.91
102,Dikson,RU,2021-09-02 14:55:58,73.5069,80.5464,41.94,60,100,8.19
103,Saldanha,ZA,2021-09-02 14:52:02,-33.0117,17.9442,62.65,77,47,14.85
104,Thompson,CA,2021-09-02 14:56:00,55.7435,-97.8558,60.96,94,90,2.3
105,Dutlwe,BW,2021-09-02 14:56:01,-23.9833,23.9,86.49,10,0,11.1
106,Poum,NC,2021-09-02 14:56:03,-20.2333,164.0167,70.03,67,100,17.9
107,Pevek,RU,2021-09-02 14:56:04,69.7008,170.3133,34.32,94,99,2.35
108,Waconia,US,2021-09-02 14:56:06,44.8508,-93.7869,66.2,76,100,1.01
109,Chivasso,IT,2021-09-02 14:56:07,45.1894,7.8872,82.71,41,20,5.75
110,Whyalla,AU,2021-09-02 14:56:09,-33.0333,137.5833,58.89,82,90,12.66
111,Quzhou,CN,2021-09-02 14:56:10,28.9594,118.8686,76.6,89,100,2.08
112,Katsuura,JP,2021-09-02 14:56:11,35.1333,140.3,69.82,91,100,14.67
113,Kurilsk,RU,2021-09-02 14:56:11,45.2333,147.8833,56.57,92,87,3.24
114,Yellowknife,CA,2021-09-02 14:56:12,62.456,-114.3525,52.32,93,20,8.05
115,Aban,RU,2021-09-02 14:56:14,56.67,96.06,48.99,75,100,4.21
116,Ati,TD,2021-09-02 14:56:16,13.2154,18.3353,103.01,13,100,6.96
117,Reynosa,MX,2021-09-02 14:56:17,26.0833,-98.2833,87.96,79,25,13.24
118,Tiznit,MA,2021-09-02 14:56:19,29.5833,-9.5,82.29,39,0,12.08
119,Praia,CV,2021-09-02 14:56:21,14.9215,-23.5087,84.74,79,75,13.8
120,Lithakia,GR,2021-09-02 14:56:22,37.7167,20.8333,85.37,58,0,18.75
121,Lake Havasu City,US,2021-09-02 14:52:26,34.4839,-114.3224,84.24,54,1,1.99
122,Ribeira Grande,PT,2021-09-02 14:56:25,38.5167,-28.7,72.0,88,75,21.85
123,Cockburn Town,TC,2021-09-02 14:56:26,21.4612,-71.1419,81.88,78,100,13.29
124,Vila Velha,BR,2021-09-02 14:56:28,-20.3297,-40.2925,71.55,88,90,6.91
125,Harrisburg,US,2021-09-02 14:52:55,40.2737,-76.8844,71.74,55,1,3.0
126,Cabo San Lucas,MX,2021-09-02 14:56:30,22.8909,-109.9124,82.51,72,37,1.01
127,Akdepe,TM,2021-09-02 14:56:32,42.0551,59.3788,89.69,13,0,9.19
128,Pop,UZ,2021-09-02 14:56:33,40.8736,71.1089,79.29,15,0,6.89
129,Port-Gentil,GA,2021-09-02 14:56:34,-0.7193,8.7815,82.36,65,40,13.8
130,San Jeronimo,PE,2021-09-02 14:56:36,-11.9472,-75.2829,57.58,46,76,1.34
131,Capiibary,PY,2021-09-02 14:56:40,-24.8,-56.0333,90.36,20,71,10.02
132,Maceio,BR,2021-09-02 14:56:42,-9.6658,-35.7353,80.04,65,75,9.22
133,Namibe,AO,2021-09-02 14:56:44,-15.1961,12.1522,65.88,77,42,14.14
134,Pangnirtung,CA,2021-09-02 14:56:46,66.1451,-65.7125,42.8,81,20,5.75
135,Raga,SS,2021-09-02 14:56:48,8.4596,25.678,80.04,66,77,6.4
136,Shelburne,CA,2021-09-02 14:56:49,44.0787,-80.2041,63.12,45,0,11.72
137,Bengkulu,ID,2021-09-02 14:56:51,-3.8004,102.2655,74.57,92,100,6.51
138,Ust-Nera,RU,2021-09-02 14:56:51,64.5667,143.2,50.56,59,63,6.13
139,Farafangana,MG,2021-09-02 14:56:53,-22.8167,47.8333,71.33,78,0,9.48
140,Nome,US,2021-09-02 14:56:55,64.5011,-165.4064,46.17,94,65,7.54
141,Olinda,BR,2021-09-02 14:56:57,-8.0089,-34.8553,80.33,61,40,13.8
142,Kavieng,PG,2021-09-02 14:56:59,-2.5744,150.7967,83.05,74,100,15.77
143,Doka,SD,2021-09-02 14:57:01,13.5167,35.7667,79.16,80,97,8.28
144,Carlsbad,US,2021-09-02 14:57:03,33.1581,-117.3506,70.83,84,75,1.01
145,Lorengau,PG,2021-09-02 14:57:04,-2.0226,147.2712,82.44,73,89,7.52
146,Codrington,AU,2021-09-02 14:57:05,-38.2667,141.9667,55.63,90,100,5.55
147,Mocuba,MZ,2021-09-02 14:57:06,-16.8392,36.9856,78.3,62,93,5.75
148,Deputatskiy,RU,2021-09-02 14:57:08,69.3,139.9,42.6,87,100,3.62
149,Solginskiy,RU,2021-09-02 14:57:10,61.05,41.3428,46.31,87,89,7.81
150,Gravdal,NO,2021-09-02 14:57:12,68.1214,13.5031,48.31,68,96,18.86
151,Coquimbo,CL,2021-09-02 14:57:14,-29.9533,-71.3436,55.13,82,75,5.75
152,Pangody,RU,2021-09-02 14:57:16,65.85,74.4859,49.62,75,100,21.81
153,Beya,RU,2021-09-02 14:57:18,53.0533,90.9139,50.05,74,47,2.33
154,Yelizovo,RU,2021-09-02 14:57:20,53.1873,158.3805,50.14,100,75,4.47
155,Cayenne,GF,2021-09-02 14:57:22,4.9333,-52.3333,86.04,70,75,4.61
156,Mkuranga,TZ,2021-09-02 14:57:24,-7.118,39.2078,81.59,66,85,10.29
157,Ormara,PK,2021-09-02 14:57:26,25.2088,64.6357,81.0,87,49,16.93
158,Carros,FR,2021-09-02 14:57:26,43.7894,7.184,73.72,68,75,4.61
159,Mar Del Plata,AR,2021-09-02 14:57:28,-38.0023,-57.5575,53.62,87,75,11.5
160,Forestville,US,2021-09-02 14:57:30,38.8451,-76.875,73.2,56,1,3.0
161,Vardo,NO,2021-09-02 14:57:31,70.3705,31.1107,44.8,91,100,31.32
162,Cherskiy,RU,2021-09-02 14:57:33,68.75,161.3,33.3,81,28,6.76
163,Lebedyan,RU,2021-09-02 14:57:35,53.0194,39.1664,51.73,92,100,7.45
164,Ponta Do Sol,PT,2021-09-02 14:57:36,32.6667,-17.1,81.23,79,59,1.52
165,Half Moon Bay,US,2021-09-02 14:55:29,37.4636,-122.4286,60.13,84,75,0.0
166,Boa Vista,BR,2021-09-02 14:57:39,2.8197,-60.6733,89.58,51,40,10.36
167,Tiksi,RU,2021-09-02 14:57:41,71.6872,128.8694,43.81,74,74,8.7
168,Maldonado,UY,2021-09-02 14:57:43,-34.6667,-54.9167,58.39,95,100,2.37
169,Mogadishu,SO,2021-09-02 14:57:46,2.0371,45.3438,78.26,83,16,15.46
170,Karasburg,NA,2021-09-02 14:57:48,-28.0167,18.75,78.08,8,0,24.61
171,Tornio,FI,2021-09-02 14:57:50,65.8481,24.1466,46.42,71,100,6.51
172,San Quintin,MX,2021-09-02 14:57:51,30.4833,-115.95,68.13,82,99,8.16
173,Labuan,MY,2021-09-02 14:57:52,5.2767,115.2417,77.36,94,40,4.61
174,Lashio,MM,2021-09-02 14:57:53,22.9333,97.75,70.02,98,74,1.23
175,Hambantota,LK,2021-09-02 14:57:56,6.1241,81.1185,80.94,89,20,9.22
176,Matara,LK,2021-09-02 14:57:57,5.9485,80.5353,78.24,86,100,7.43
177,Okhotsk,RU,2021-09-02 14:57:57,59.3833,143.3,54.93,88,42,5.14
178,Bay City,US,2021-09-02 14:57:59,43.5945,-83.8889,71.06,69,1,6.91
179,San Carlos De Bariloche,AR,2021-09-02 14:58:02,-41.1456,-71.3082,47.95,71,75,3.44
180,Zlitan,LY,2021-09-02 14:58:04,32.4674,14.5687,87.28,57,0,19.33
181,Gayeri,BF,2021-09-02 14:58:05,12.6497,0.4931,87.58,53,99,12.84
182,Pascagoula,US,2021-09-02 14:58:07,30.3658,-88.5561,83.03,81,3,3.53
183,Diffa,NE,2021-09-02 14:58:08,13.3154,12.6113,101.93,24,19,2.68
184,Yeppoon,AU,2021-09-02 14:58:10,-23.1333,150.7333,64.18,72,100,17.76
185,Adre,TD,2021-09-02 14:58:11,13.4667,22.2,94.55,25,100,1.63
186,Corrente,BR,2021-09-02 14:58:13,-3.7367,-43.3394,90.52,42,59,4.25
187,Saurimo,AO,2021-09-02 14:58:15,-9.6608,20.3916,93.36,9,53,4.41
188,Papara,BR,2021-09-02 14:58:16,-3.9839,-38.7273,86.4,32,8,9.08
189,Avarua,CK,2021-09-02 14:58:19,-21.2078,-159.775,69.85,100,95,6.91
190,Mehamn,NO,2021-09-02 14:58:21,71.0357,27.8492,42.03,96,100,26.4
191,Sioux Lookout,CA,2021-09-02 14:58:22,50.1001,-91.917,61.18,77,90,4.61
192,Faanui,PF,2021-09-02 14:58:24,-16.4833,-151.75,78.39,69,1,20.94
193,Vestmannaeyjar,IS,2021-09-02 14:58:27,63.4427,-20.2734,54.59,94,90,9.22
194,Liepaja,LV,2021-09-02 14:58:28,56.5419,21.0367,59.05,58,20,9.22
195,Ekibastuz,KZ,2021-09-02 14:58:30,51.6667,75.3667,60.75,49,7,6.8
196,Harper,LR,2021-09-02 14:58:30,4.375,-7.7169,80.76,77,99,13.0
197,Wuwei,CN,2021-09-02 14:58:32,37.9281,102.6414,67.77,74,100,10.25
198,Bubaque,GW,2021-09-02 14:58:33,11.2833,-15.8333,80.35,78,62,12.01
199,Itatuba,BR,2021-09-02 14:58:36,-7.375,-35.6283,86.81,32,13,14.0
200,Ippy,CF,2021-09-02 14:58:38,6.2679,21.2247,77.22,90,80,2.51
201,Vila Do Maio,CV,2021-09-02 14:58:40,15.1333,-23.2167,84.99,85,88,12.95
202,Teya,RU,2021-09-02 14:58:41,60.3778,92.6267,39.15,90,36,2.33
203,Ostrovnoy,RU,2021-09-02 14:58:43,68.0531,39.5131,44.44,86,96,11.34
204,Tomatlan,MX,2021-09-02 14:58:45,19.9333,-105.25,79.21,87,60,0.98
205,Tromso,NO,2021-09-02 14:58:46,69.6496,18.957,45.25,87,75,4.61
206,Carutapera,BR,2021-09-02 14:58:48,-1.195,-46.02,82.53,75,70,6.06
207,Aykhal,RU,2021-09-02 14:58:50,66.0,111.5,35.56,74,68,13.67
208,Venice,US,2021-09-02 14:58:52,27.0998,-82.4543,86.0,88,1,7.0
209,Pozo Colorado,PY,2021-09-02 14:58:53,-23.4923,-58.7972,96.76,18,0,11.88
210,Fevik,NO,2021-09-02 14:58:55,58.3794,8.6766,78.1,50,2,12.33
211,Taonan,CN,2021-09-02 14:58:58,45.3333,122.7833,65.43,94,98,7.34
212,Batagay-Alyta,RU,2021-09-02 14:58:58,67.8006,130.4114,46.87,58,100,0.69
213,Guatire,VE,2021-09-02 14:59:00,10.4762,-66.5427,87.21,55,11,4.05
214,Bethel,US,2021-09-02 14:59:02,41.3712,-73.414,70.2,73,0,1.99
215,Belyy Yar,RU,2021-09-02 14:59:04,53.6039,91.3903,58.89,58,0,8.95
216,Hauterive,FR,2021-09-02 14:59:07,46.0901,3.4459,83.98,38,40,9.1
217,Visby,SE,2021-09-02 14:59:09,57.6409,18.296,65.95,67,0,13.8
218,Suluq,LY,2021-09-02 14:59:10,31.6682,20.2521,86.95,35,0,22.68
219,Tilichiki,RU,2021-09-02 14:59:12,60.4667,166.1,47.84,93,22,4.05
220,Luanda,AO,2021-09-02 14:57:02,-8.8368,13.2343,69.8,94,75,8.05
221,Asfi,MA,2021-09-02 14:59:18,32.2994,-9.2372,75.27,75,15,15.55
222,Voznesenye,RU,2021-09-02 14:59:20,61.0106,35.4781,50.25,56,100,11.45
223,Teshie,GH,2021-09-02 14:55:08,5.5836,-0.1072,77.56,88,75,3.44
224,Hami,CN,2021-09-02 14:59:23,42.8,93.45,82.71,24,100,14.32
225,Biak,ID,2021-09-02 14:59:23,-0.9131,122.8766,75.27,87,94,7.29
226,Qandala,SO,2021-09-02 14:59:24,11.472,49.8728,88.95,58,68,2.86
227,Viytivka,UA,2021-09-02 14:55:02,48.426,29.5429,57.16,53,94,19.48
228,Anqing,CN,2021-09-02 14:59:21,30.5092,117.0506,77.11,91,12,5.1
229,Georgetown,MY,2021-09-02 14:58:00,5.4112,100.3354,78.89,88,40,2.3
230,Balakhta,RU,2021-09-02 14:59:29,55.38,91.6,52.54,56,92,6.08
231,Truth Or Consequences,US,2021-09-02 14:59:31,33.1284,-107.2528,69.91,82,2,4.25
232,Inhambupe,BR,2021-09-02 14:59:32,-11.7844,-38.3531,84.87,44,56,11.43
233,Nikolskoye,RU,2021-09-02 14:59:35,59.7035,30.7861,55.29,61,71,7.87
234,Leh,IN,2021-09-02 14:58:15,34.1667,77.5833,61.65,29,19,6.2
235,Krasnokamensk,RU,2021-09-02 14:59:37,50.0979,118.0369,59.79,84,95,1.25
236,Sao Filipe,CV,2021-09-02 14:59:38,14.8961,-24.4956,79.34,80,100,8.08
237,Kruisfontein,ZA,2021-09-02 14:59:39,-34.0033,24.7314,67.89,85,97,12.59
238,Sakata,JP,2021-09-02 14:57:09,38.9167,139.855,65.17,81,19,8.61
239,Partenit,UA,2021-09-02 14:55:02,44.578,34.3446,69.21,70,34,11.61
240,Vostok,RU,2021-09-02 14:59:43,46.4856,135.8833,52.95,86,51,3.67
241,Atambua,ID,2021-09-02 14:59:44,-9.1061,124.8925,72.23,88,40,4.9
242,Bonthe,SL,2021-09-02 14:59:44,7.5264,-12.505,85.03,63,80,12.08
243,Penarroya-Pueblonuevo,ES,2021-09-02 14:59:46,38.3,-5.2667,84.31,28,54,7.47
244,Lompoc,US,2021-09-02 14:59:48,34.6391,-120.4579,60.48,88,90,4.61
245,Praya,CV,2021-09-02 14:56:21,14.9215,-23.5087,84.74,79,75,13.8
246,Ketchikan,US,2021-09-02 14:59:50,55.3422,-131.6461,54.07,94,90,6.91
247,Lasa,IT,2021-09-02 14:59:53,46.6166,10.7002,73.69,60,48,4.21
248,Payo,ID,2021-09-02 14:59:55,-3.7508,103.6372,71.87,99,100,2.53
249,Kemin,KG,2021-09-02 14:59:55,42.7846,75.6892,64.42,72,51,2.66
250,Petropavlovsk-Kamchatskiy,RU,2021-09-02 14:57:56,53.0452,158.6483,48.79,100,75,4.47
251,Kelvington,CA,2021-09-02 14:59:56,52.1667,-103.5343,51.46,66,1,18.21
252,Lebyazhye,RU,2021-09-02 14:59:59,55.2689,66.4947,64.71,43,7,12.62
253,Kloulklubed,PW,2021-09-02 15:00:01,7.0419,134.2556,84.96,69,100,8.16
254,Adrar,MR,2021-09-02 15:00:03,20.5022,-10.0711,106.66,10,2,18.01
255,Cervo,ES,2021-09-02 15:00:08,43.6702,-7.4101,67.96,79,100,5.7
256,Jacmel,HT,2021-09-02 15:00:09,18.2342,-72.5347,83.52,72,89,6.35
257,Nalut,LY,2021-09-02 15:00:11,30.3333,10.85,105.3,10,4,4.83
258,Asau,RO,2021-09-02 15:00:13,46.4333,26.4,65.39,67,100,4.09
259,Sandwick,GB,2021-09-02 15:00:15,60.0,-1.25,55.22,76,75,8.05
260,Paciran,ID,2021-09-02 15:00:16,-6.8767,112.3761,78.51,70,55,7.09
261,Mareeba,AU,2021-09-02 15:00:17,-17.0,145.4333,68.72,85,36,3.62
262,Sloboda,RU,2021-09-02 15:00:19,51.1421,40.3021,59.13,93,100,8.08
263,Mackenzie,CA,2021-09-02 15:00:20,55.2999,-123.1698,47.68,70,12,3.02
264,Buala,SB,2021-09-02 15:00:22,-8.145,159.5921,78.49,85,84,7.67
265,Inhambane,MZ,2021-09-02 15:00:24,-23.865,35.3833,70.68,68,1,8.25
266,Oneonta,US,2021-09-02 15:00:26,42.4529,-75.0638,66.29,76,0,3.0
267,Suileng,CN,2021-09-02 15:00:27,47.25,127.0833,61.02,90,49,5.84
268,Iranshahr,IR,2021-09-02 15:00:28,27.2025,60.6848,98.51,7,6,9.93
269,Ilam,NP,2021-09-02 15:00:29,26.9167,87.9167,69.53,92,100,2.64
270,Yumen,CN,2021-09-02 15:00:30,40.2833,97.2,73.8,26,100,9.73
271,Liverpool,GB,2021-09-02 15:00:31,53.4106,-2.9779,72.84,63,75,4.0
272,Lavrentiya,RU,2021-09-02 15:00:33,65.5833,-171.0,44.55,83,100,7.83
273,Sibolga,ID,2021-09-02 15:00:35,1.7427,98.7792,76.73,83,100,3.11
274,Mount Isa,AU,2021-09-02 15:00:15,-20.7333,139.5,60.57,100,1,0.0
275,Morbegno,IT,2021-09-02 15:00:36,46.1383,9.57,81.68,60,67,3.49
276,Muzhi,RU,2021-09-02 15:00:38,65.3667,64.6667,55.26,76,100,12.53
277,Vila,PT,2021-09-02 15:00:40,42.0304,-8.1588,71.71,65,78,6.78
278,Lianyuan,CN,2021-09-02 15:00:42,27.6883,111.6642,80.33,87,41,2.64
279,Lowestoft,GB,2021-09-02 15:00:42,52.4752,1.7516,66.34,79,77,12.24
280,Sorong,ID,2021-09-02 15:00:44,-0.8833,131.25,79.72,82,100,4.32
281,Taoudenni,ML,2021-09-02 15:00:45,22.6783,-3.9836,115.59,6,10,9.44
282,Celestun,MX,2021-09-02 15:00:46,20.8667,-90.4,83.08,68,100,7.87
283,Aubenas,FR,2021-09-02 15:00:48,44.6201,4.3899,82.76,59,89,9.91
284,Santa Vitoria Do Palmar,BR,2021-09-02 15:00:49,-33.5189,-53.3681,62.17,94,100,4.7
285,Ishigaki,JP,2021-09-02 14:56:15,24.3448,124.1572,83.37,75,10,6.67
286,Darnah,LY,2021-09-02 15:00:52,32.767,22.6367,80.4,66,0,17.92
287,Alice Springs,AU,2021-09-02 15:00:19,-23.7,133.8833,78.35,27,92,11.5
288,Tazovskiy,RU,2021-09-02 15:00:55,67.4667,78.7,46.98,77,100,14.76
289,Ambositra,MG,2021-09-02 15:00:57,-20.5167,47.25,58.51,74,0,7.43
290,Nema,RU,2021-09-02 15:00:59,57.5067,50.5011,55.6,75,100,5.61
291,Tucuma,BR,2021-09-02 15:01:01,-0.1833,-50.05,88.61,56,39,1.95
292,Klaksvik,FO,2021-09-02 15:01:03,62.2266,-6.589,54.52,83,97,12.82
293,Margate,GB,2021-09-02 15:01:05,51.3813,1.3862,66.85,75,16,15.99
294,Koani,TZ,2021-09-02 15:01:07,-6.1333,39.2833,77.56,70,22,13.11
295,Salta,AR,2021-09-02 14:59:08,-24.7859,-65.4117,77.29,43,0,8.25
296,Geraldton,AU,2021-09-02 14:58:30,-28.7667,114.6,50.41,93,90,3.44
297,Belaya Gora,RU,2021-09-02 15:01:10,68.5333,146.4167,49.53,59,100,6.51
298,Oriximina,BR,2021-09-02 15:01:12,-1.7656,-55.8661,89.96,52,37,2.73
299,Skjervoy,NO,2021-09-02 15:01:14,70.0311,20.9714,46.58,86,100,12.91
300,Manta,EC,2021-09-02 15:01:16,-0.95,-80.7333,74.01,81,100,8.34
301,Bambous Virieux,MU,2021-09-02 15:01:18,-20.3428,57.7575,72.21,70,13,16.78
302,Tessalit,ML,2021-09-02 15:01:20,20.1986,1.0114,108.68,6,5,22.68
303,Makat,KZ,2021-09-02 15:01:21,47.6469,53.3463,83.89,12,86,9.31
304,Yatou,CN,2021-09-02 15:01:23,37.15,122.3833,67.64,90,2,1.61
305,Epe,NG,2021-09-02 15:01:24,6.5841,3.9834,82.8,67,94,9.44
306,Trairi,BR,2021-09-02 15:01:26,-3.2778,-39.2689,88.29,48,10,17.0
307,Masallatah,LY,2021-09-02 15:01:28,32.6167,14.0,88.12,53,0,19.53
308,Tateyama,JP,2021-09-02 15:00:12,34.9833,139.8667,69.73,88,75,5.75
309,Hays,US,2021-09-02 15:01:31,30.0502,-98.0336,85.71,79,25,4.0
310,Korhogo,CI,2021-09-02 15:01:32,9.45,-5.6333,69.87,92,100,6.06
311,Merauke,ID,2021-09-02 15:01:35,-8.4667,140.3333,78.01,85,93,15.77
312,Yar-Sale,RU,2021-09-02 15:01:35,66.8333,70.8333,49.8,78,100,20.74
313,Camacha,PT,2021-09-02 15:01:37,33.0833,-16.3333,77.76,69,40,5.75
314,Mazatan,MX,2021-09-02 15:01:39,14.8667,-92.45,80.87,77,44,5.32
315,Kaz,RU,2021-09-02 15:01:40,52.9113,87.3105,49.08,78,12,3.69
316,Leca Da Palmeira,PT,2021-09-02 15:01:42,41.191,-8.7003,78.1,73,40,6.91
317,San Carlos,VE,2021-09-02 14:58:34,9.6612,-68.5827,85.55,66,53,3.78
318,Victoria Point,AU,2021-09-02 15:01:44,-27.5833,153.3,65.91,88,100,1.99
319,Touros,BR,2021-09-02 15:01:45,-5.1989,-35.4608,85.1,57,28,19.93
320,Chipinge,ZW,2021-09-02 15:01:47,-20.1883,32.6236,72.5,47,9,9.4
321,Werota,ET,2021-09-02 15:01:49,11.9167,37.7,68.52,78,59,2.33
322,Nagaur,IN,2021-09-02 15:01:30,27.2,73.7333,89.22,58,81,5.57
323,Rio Pardo De Minas,BR,2021-09-02 15:01:52,-15.6097,-42.5397,81.01,38,47,8.86
324,Lisakovsk,KZ,2021-09-02 15:01:53,52.5369,62.4936,75.97,24,9,7.94
325,Sao Joao Dos Patos,BR,2021-09-02 15:01:56,-6.495,-43.7022,95.16,26,32,8.7
326,Monte Patria,CL,2021-09-02 15:01:58,-30.6919,-70.9467,72.05,35,0,5.19
327,Hasaki,JP,2021-09-02 15:01:59,35.7333,140.8333,68.4,84,100,16.64
328,Kysyl-Syr,RU,2021-09-02 15:02:00,63.8986,122.7617,49.6,96,100,7.4
329,Sinnamary,GF,2021-09-02 15:02:02,5.3833,-52.95,76.17,84,100,1.83
330,Miles City,US,2021-09-02 15:02:04,46.4083,-105.8406,63.57,42,90,6.91
331,Crispiano,IT,2021-09-02 15:02:05,40.6058,17.2303,78.24,39,71,4.0
332,Bourail,NC,2021-09-02 15:02:07,-21.5667,165.4833,63.0,69,99,6.58
333,Presidencia Roque Saenz Pena,AR,2021-09-02 15:02:08,-26.7852,-60.4388,84.6,26,99,7.4
334,Kribi,CM,2021-09-02 15:02:10,2.95,9.9167,79.68,79,89,11.36
335,Paracuru,BR,2021-09-02 15:02:12,-3.41,-39.0306,87.82,50,14,17.36
336,Lagos,NG,2021-09-02 15:00:16,6.5833,3.75,83.75,66,70,8.75
337,Kyra,RU,2021-09-02 15:02:15,49.5776,111.9753,55.35,90,77,2.13
338,Holovyne,UA,2021-09-02 15:02:16,50.4712,28.8253,56.48,49,100,15.3
339,Krasnoselkup,RU,2021-09-02 15:02:18,65.7,82.4667,44.67,69,100,10.09
340,Guarapari,BR,2021-09-02 15:02:20,-20.6667,-40.4975,71.49,70,39,8.88
341,Singkang,MY,2021-09-02 15:02:21,2.1006,102.7994,75.6,90,100,3.04
342,Richards Bay,ZA,2021-09-02 15:02:22,-28.783,32.0377,76.82,57,0,17.98
343,Porto Novo,BJ,2021-09-02 15:02:24,6.4965,2.6036,80.55,78,96,13.33
344,Kapustin Yar,RU,2021-09-02 15:02:26,48.5831,45.7372,76.23,46,100,11.34
345,Lubao,PH,2021-09-02 15:02:28,14.9167,120.55,78.15,87,93,2.59
346,Slantsy,RU,2021-09-02 15:02:29,59.1182,28.0914,54.91,56,99,7.9
347,Iquitos,PE,2021-09-02 15:02:30,-3.7481,-73.2472,82.44,78,40,5.75
348,Ulladulla,AU,2021-09-02 15:01:00,-35.35,150.4667,53.1,94,9,9.17
349,Huanren,CN,2021-09-02 15:02:33,41.2647,125.3667,59.9,92,20,1.63
350,Portland,US,2021-09-02 15:00:37,45.5234,-122.6762,59.7,80,0,1.99
351,Ankazoabo,MG,2021-09-02 15:02:34,-22.2833,44.5167,85.68,26,24,3.85
352,Rincon,US,2021-09-02 15:02:36,32.296,-81.2354,84.38,70,75,6.91
353,Fukue,JP,2021-09-02 15:02:37,32.6881,128.8419,78.19,79,100,7.14
354,Cochabamba,BO,2021-09-02 15:02:37,-17.3895,-66.1568,75.2,31,8,1.01
355,Maine-Soroa,NE,2021-09-02 15:02:40,13.2114,12.0241,99.86,28,7,6.58
356,Magistralnyy,RU,2021-09-02 15:02:42,56.1725,107.4458,47.12,83,98,4.47
357,Nyurba,RU,2021-09-02 15:02:45,63.2842,118.3319,47.32,99,100,3.94
358,Sheltozero,RU,2021-09-02 15:02:47,61.3667,35.3667,49.53,64,88,12.93
359,Shimoda,JP,2021-09-02 15:02:49,34.6667,138.95,71.17,92,100,13.29
360,Te Anau,NZ,2021-09-02 15:02:49,-45.4167,167.7167,36.7,88,70,0.85
361,Atar,MR,2021-09-02 15:02:50,20.5169,-13.0499,106.81,12,0,10.96
362,Provideniya,RU,2021-09-02 15:02:52,64.3833,-173.3,47.5,90,100,6.22
363,Silvan,TR,2021-09-02 15:02:54,38.1419,41.0081,89.89,9,0,12.03
364,Port Hedland,AU,2021-09-02 15:00:21,-20.3167,118.5667,68.05,83,82,3.44
365,Nuevitas,CU,2021-09-02 14:58:19,21.5453,-77.2644,84.99,65,3,4.0
366,Luban,PL,2021-09-02 15:02:57,51.1201,15.2877,71.6,62,65,5.97
367,Aklavik,CA,2021-09-02 15:02:59,68.2191,-135.0107,48.92,100,90,11.5
368,Labuhan,ID,2021-09-02 15:03:01,-6.8844,112.2051,77.32,69,37,11.5
369,Nantucket,US,2021-09-02 15:03:02,41.2835,-70.0995,66.25,86,100,33.24
370,Nguru,NG,2021-09-02 15:03:03,12.8791,10.4526,96.87,33,78,5.86
371,Point Fortin,TT,2021-09-02 15:03:05,10.1833,-61.6833,90.9,71,34,7.7
372,Laguna,US,2021-09-02 15:03:06,38.421,-121.4238,62.08,84,1,1.99
373,Caravelas,BR,2021-09-02 15:03:07,-17.7125,-39.2481,74.57,80,30,4.99
374,Qasigiannguit,GL,2021-09-02 15:03:09,68.8193,-51.1922,39.45,54,0,3.09
375,Naze,JP,2021-09-02 15:02:04,28.3667,129.4833,77.77,83,73,4.61
376,Choma,ZM,2021-09-02 15:03:12,-16.8065,26.9531,79.7,28,39,12.01
377,Pisco,PE,2021-09-02 15:03:14,-13.7,-76.2167,63.01,82,89,4.88
378,Bosaso,SO,2021-09-02 15:03:16,11.2842,49.1816,90.59,53,45,1.86
379,Lata,PT,2021-09-02 15:03:18,40.1629,-8.3327,83.35,48,50,12.71
380,Wilmington,US,2021-09-02 15:03:19,34.2257,-77.9447,75.11,79,75,11.5
381,Mucurici,BR,2021-09-02 15:03:21,-18.0933,-40.5158,75.31,61,77,6.26
382,Kachug,RU,2021-09-02 15:03:23,53.9606,105.8817,48.67,94,100,5.55
383,Nassjo,SE,2021-09-02 15:03:25,57.6531,14.6968,67.3,43,5,9.01
384,Port Macquarie,AU,2021-09-02 15:03:26,-31.4333,152.9167,57.15,85,3,8.55
385,Cidreira,BR,2021-09-02 15:03:27,-30.1811,-50.2056,73.18,59,100,2.82
386,Luderitz,NA,2021-09-02 15:01:06,-26.6481,15.1594,59.54,73,1,8.5
387,Acapulco,MX,2021-09-02 15:03:30,16.8634,-99.8901,80.42,83,90,3.44
388,Rusape,ZW,2021-09-02 15:03:31,-18.5278,32.1284,67.23,57,100,5.41
389,Tiebissou,CI,2021-09-02 15:03:33,7.1574,-5.2257,68.85,94,100,7.2
390,Jining,CN,2021-09-02 15:01:22,35.405,116.5814,69.48,94,72,4.52
391,Aswan,EG,2021-09-02 15:03:36,24.0934,32.907,112.59,11,46,9.15
392,Hamilton,US,2021-09-02 15:00:13,39.1834,-84.5333,73.74,73,0,1.99
393,Jequitinhonha,BR,2021-09-02 15:03:38,-16.4339,-41.0033,77.7,60,100,4.56
394,Iracoubo,GF,2021-09-02 15:03:40,5.4802,-53.2011,75.76,87,100,2.1
395,Xinyu,CN,2021-09-02 15:03:42,27.8043,114.9334,81.39,78,74,0.78
396,Farmington,US,2021-09-02 15:01:36,36.7281,-108.2187,63.19,61,8,2.95
397,Tuktoyaktuk,CA,2021-09-02 15:03:43,69.4541,-133.0374,48.2,100,75,5.75
398,Faya,SA,2021-09-02 15:03:45,18.3851,42.4509,79.32,39,80,4.38
399,Bukama,CD,2021-09-02 15:03:47,-9.2,25.85,97.48,13,99,0.4
400,Itarema,BR,2021-09-02 15:03:48,-2.9248,-39.9167,89.24,49,10,17.4
401,Hervey Bay,AU,2021-09-02 15:03:51,-25.2986,152.8535,63.03,72,100,15.03
402,Port Blair,IN,2021-09-02 15:03:45,11.6667,92.75,77.92,89,100,20.56
403,San Cristobal,VE,2021-09-02 15:03:53,7.7669,-72.225,78.98,54,38,6.06
404,Saint-Louis,SN,2021-09-02 15:03:54,16.3333,-15.0,96.85,42,23,5.66
405,Almaznyy,RU,2021-09-02 15:03:57,48.0448,40.045,69.94,46,100,15.82
406,Tura,IN,2021-09-02 15:03:59,25.5198,90.2201,74.35,95,93,1.39
407,Vila Franca Do Campo,PT,2021-09-02 15:03:59,37.7167,-25.4333,73.81,65,5,8.81
408,Lamu,KE,2021-09-02 15:04:01,-2.2717,40.902,79.02,80,11,13.94
409,Macusani,PE,2021-09-02 15:04:03,-14.0833,-70.4333,49.5,44,78,2.28
410,Bathsheba,BB,2021-09-02 15:04:05,13.2167,-59.5167,90.21,66,75,20.71
411,Siavonga,ZM,2021-09-02 15:04:06,-16.5382,28.7088,86.67,37,44,4.12
412,Calvinia,ZA,2021-09-02 15:04:08,-31.4707,19.776,63.27,32,4,12.82
413,Saint Marys,US,2021-09-02 15:04:10,30.7305,-81.5465,87.01,81,90,1.01
414,Oktyabrskoye,RU,2021-09-02 15:04:11,43.0645,44.7417,62.74,94,90,6.71
415,Neiafu,TO,2021-09-02 15:04:14,-18.65,-173.9833,74.08,88,75,5.75
416,Palu,ID,2021-09-02 15:01:51,-0.8917,119.8707,76.57,96,100,1.19
417,Malindi,KE,2021-09-02 15:04:17,-3.2175,40.1191,77.22,79,32,15.12
418,Sao Joao Da Barra,BR,2021-09-02 15:04:19,-21.6403,-41.0511,77.09,70,13,9.46
419,Ostersund,SE,2021-09-02 15:04:22,63.1792,14.6357,54.05,71,90,25.32
420,Gao,ML,2021-09-02 15:04:23,16.6362,1.637,106.07,13,95,13.98
421,Lewistown,US,2021-09-02 15:04:25,40.5992,-77.5714,69.82,50,1,10.36
422,Mataram,ID,2021-09-02 15:01:11,-8.5833,116.1167,74.21,81,57,10.74
423,Dongsheng,CN,2021-09-02 15:04:26,39.8161,109.9776,71.83,42,69,1.54
424,Santa Marta,CO,2021-09-02 15:02:31,11.2408,-74.199,84.92,68,52,1.19
425,Shangzhi,CN,2021-09-02 15:04:28,45.2167,127.9667,58.21,84,41,2.95
426,Fort Nelson,CA,2021-09-02 15:04:28,58.8053,-122.7002,49.03,79,73,3.0
427,Russell,US,2021-09-02 15:04:30,32.3502,-85.1999,80.91,76,75,2.3
428,Coihaique,CL,2021-09-02 15:04:31,-45.5752,-72.0662,44.71,75,90,5.75
429,Los Llanos De Aridane,ES,2021-09-02 15:04:33,28.6585,-17.9182,76.75,74,40,5.75
430,Lappeenranta,FI,2021-09-02 15:04:35,61.0587,28.1887,53.65,58,0,8.05
431,Sarangani,PH,2021-09-02 15:04:37,5.4033,125.4636,83.89,73,49,9.06
432,Moorhead,US,2021-09-02 15:04:39,46.8739,-96.7676,62.62,93,90,5.99
433,Barcelos,PT,2021-09-02 15:04:40,41.5388,-8.6151,82.29,63,33,8.59
434,Sorgun,TR,2021-09-02 15:04:42,39.8101,35.186,72.66,32,19,13.35
435,Puksoozero,RU,2021-09-02 15:04:44,62.5903,40.6066,39.63,97,100,7.99
436,Ilmajoki,FI,2021-09-02 15:04:45,62.7333,22.5667,49.59,76,90,5.75
437,Husavik,IS,2021-09-02 15:04:47,66.0449,-17.3389,57.92,70,100,7.78
438,Otane,NZ,2021-09-02 15:03:53,-39.8833,176.6333,43.02,94,7,1.95
439,Yasothon,TH,2021-09-02 15:04:49,15.75,104.1333,83.5,70,92,2.44
440,College,US,2021-09-02 15:04:50,64.8569,-147.8028,57.22,85,75,3.44
441,Mana,GF,2021-09-02 15:04:52,5.6592,-53.7767,77.02,87,100,2.24
442,Otterup,DK,2021-09-02 15:04:54,55.5153,10.3976,71.83,60,0,4.65
443,Bayasong,PH,2021-09-02 15:04:56,6.6489,124.8731,76.14,93,63,1.79
444,Grindavik,IS,2021-09-02 15:04:56,63.8424,-22.4338,57.9,94,75,16.11
445,Issa,RU,2021-09-02 15:04:58,53.8705,44.8578,62.67,73,79,5.53
446,Grand Gaube,MU,2021-09-02 15:03:09,-20.0064,57.6608,72.37,66,1,5.99
447,Kamaishi,JP,2021-09-02 15:02:26,39.2667,141.8833,63.28,86,0,2.28
448,Bandarbeyla,SO,2021-09-02 15:05:01,9.4942,50.8122,77.2,87,6,24.85
449,Waikuku,NZ,2021-09-02 15:05:03,-43.3,172.6833,48.02,85,0,5.75
450,Broome,US,2021-09-02 15:05:04,42.2506,-75.833,66.7,63,0,4.0
451,Rorvik,NO,2021-09-02 15:05:05,64.8621,11.2373,51.78,84,100,29.8
452,Immokalee,US,2021-09-02 15:05:07,26.4187,-81.4173,87.75,87,100,3.89
453,Kawalu,ID,2021-09-02 15:05:09,-7.3817,108.2082,68.99,92,86,0.51
454,Shingu,JP,2021-09-02 15:05:10,33.7333,135.9833,79.92,91,87,2.42
455,Redmond,US,2021-09-02 15:05:10,47.674,-122.1215,58.68,90,0,0.67
456,Butte,US,2021-09-02 15:05:12,39.6499,-121.5677,71.98,71,1,3.44
457,Quatre Cocos,MU,2021-09-02 15:05:13,-20.2078,57.7625,72.09,70,14,16.89
458,Viedma,AR,2021-09-02 15:05:15,-40.8135,-62.9967,59.0,39,6,10.96
459,Annaka,JP,2021-09-02 15:05:17,36.3167,138.9,69.69,95,100,1.63
460,High Level,CA,2021-09-02 15:05:17,58.5169,-117.136,50.76,67,0,5.01
461,Torrington,US,2021-09-02 15:02:52,41.8007,-73.1212,70.57,74,1,1.01
462,Kavaratti,IN,2021-09-02 15:05:21,10.5669,72.642,81.41,76,100,15.5
463,Thunder Bay,CA,2021-09-02 15:05:21,48.4001,-89.3168,67.55,70,98,3.0
464,Chapais,CA,2021-09-02 15:05:23,49.7834,-74.8492,53.38,98,100,3.44
465,Banjar,ID,2021-09-02 15:05:24,-8.19,114.9675,73.83,88,64,8.41
466,Qinhuangdao,CN,2021-09-02 15:04:32,39.9317,119.5883,70.02,87,70,6.42
467,Praxedis Guerrero,MX,2021-09-02 15:05:26,31.3667,-106.0167,78.39,54,98,5.86
468,Narsaq,GL,2021-09-02 15:05:27,60.9167,-46.05,52.02,96,100,4.0
469,Niksic,ME,2021-09-02 15:05:30,42.7731,18.9445,75.36,32,0,7.54
470,Hun,LY,2021-09-02 15:05:32,29.1268,15.9477,99.68,19,0,13.78
471,Mahibadhoo,MV,2021-09-02 15:05:34,3.7833,72.9667,82.99,71,99,9.69
472,Padang,ID,2021-09-02 15:01:20,-0.9492,100.3543,77.05,86,100,1.97
473,Srednekolymsk,RU,2021-09-02 15:05:35,67.45,153.6833,41.04,72,26,4.18
474,Dingle,PH,2021-09-02 15:05:37,10.9995,122.6711,75.63,95,100,3.49
475,Ahipara,NZ,2021-09-02 15:05:37,-35.1667,173.1667,48.79,86,13,8.1
476,Bilibino,RU,2021-09-02 15:05:38,68.0546,166.4372,35.71,94,100,1.54
477,Manati,PR,2021-09-02 15:05:40,18.4275,-66.4921,91.09,75,68,6.98
478,Prince Rupert,CA,2021-09-02 15:05:42,54.3161,-130.3201,55.99,82,100,0.76
479,Tautira,PF,2021-09-02 15:05:44,-17.7333,-149.15,75.22,69,35,19.04
480,Shalakusha,RU,2021-09-02 15:05:46,62.2247,40.2539,41.92,93,100,9.22
481,Podporozhye,RU,2021-09-02 15:05:48,60.9112,34.1706,49.03,65,89,7.52
482,Noyabrsk,RU,2021-09-02 15:05:50,63.1994,75.4507,50.95,71,100,19.04
483,Kaeo,NZ,2021-09-02 15:05:52,-35.1,173.7833,48.33,95,33,9.26
484,Khani,GE,2021-09-02 15:05:53,41.9563,42.9566,56.77,98,99,2.86
485,San Policarpo,PH,2021-09-02 15:05:54,12.1791,125.5072,80.87,81,86,4.34
486,Chuzhou,CN,2021-09-02 15:04:33,32.3219,118.2978,73.63,96,48,4.99
487,Sao Pedro Do Sul,BR,2021-09-02 15:05:55,-29.6206,-54.1789,80.89,43,99,8.93
488,Bayonet Point,US,2021-09-02 15:05:57,28.3267,-82.6834,86.18,86,94,1.01
489,Oranjemund,NA,2021-09-02 15:05:59,-28.55,16.4333,58.23,73,0,10.98
490,Vao,NC,2021-09-02 15:06:01,-22.6667,167.4833,67.46,63,43,13.65
491,Baoqing,CN,2021-09-02 15:06:03,46.3317,132.2111,60.33,64,35,2.08
492,Ipixuna,BR,2021-09-02 15:06:04,-1.7625,-48.8043,85.95,51,43,1.36
493,Pacifica,US,2021-09-02 15:04:13,37.6138,-122.4869,59.94,87,90,1.99
494,Asekeyevo,RU,2021-09-02 15:06:06,53.5742,52.7972,62.24,88,100,8.05
495,Amapa,BR,2021-09-02 15:06:08,1.0,-52.0,91.89,41,57,3.22
496,Kupang,ID,2021-09-02 15:06:10,-10.1667,123.5833,78.13,84,15,11.83
497,Hobyo,SO,2021-09-02 15:06:11,5.3505,48.5268,78.13,84,49,24.83
498,Pacific Grove,US,2021-09-02 15:06:13,36.6177,-121.9166,59.43,80,90,1.01
499,Moron,AR,2021-09-02 15:06:15,-34.6534,-58.6198,60.55,97,100,5.01
500,Bogatoye,RU,2021-09-02 15:06:18,53.0601,51.3325,59.95,90,100,5.12
501,Yurga,RU,2021-09-02 15:06:20,55.7231,84.8861,50.14,68,85,5.79
502,Panguna,PG,2021-09-02 15:06:22,-6.3164,155.4848,67.03,96,100,2.04
503,Lins,BR,2021-09-02 15:06:24,-21.6786,-49.7425,85.28,28,45,8.23
504,Laramie,US,2021-09-02 15:06:26,41.3114,-105.5911,62.35,90,1,1.99
505,Sitka,US,2021-09-02 15:06:27,57.0531,-135.33,57.09,82,90,12.66
506,Bouca,CF,2021-09-02 15:06:29,6.5105,18.2733,77.83,75,95,4.14
507,Riyadh,SA,2021-09-02 15:05:10,24.6877,46.7219,104.14,8,29,10.16
508,Kapoeta,SS,2021-09-02 15:06:31,4.7717,33.5903,85.78,44,91,7.05
509,Japura,ID,2021-09-02 15:06:35,-0.3167,102.35,73.76,91,100,4.14
510,Montepuez,MZ,2021-09-02 15:06:35,-13.1256,38.9997,83.57,34,52,6.44
511,Anadyr,RU,2021-09-02 15:06:37,64.75,177.4833,45.63,80,100,5.84
512,Spornoye,RU,2021-09-02 15:06:39,50.8448,37.2913,53.62,88,100,15.19
513,Keningau,MY,2021-09-02 15:06:41,5.3378,116.1602,75.65,98,96,0.4
514,Victoria,HK,2021-09-02 15:05:05,22.2855,114.1577,85.32,82,16,8.88
515,Bodden Town,KY,2021-09-02 15:06:42,19.2833,-81.25,89.6,62,20,6.91
516,Tarija,BO,2021-09-02 15:06:43,-21.5355,-64.7296,78.4,31,0,5.79
517,Diapaga,BF,2021-09-02 15:06:45,12.0708,1.7889,86.07,59,95,7.27
518,Marsala,IT,2021-09-02 15:06:47,37.7966,12.4352,84.94,68,0,11.43
519,Mount Pleasant,US,2021-09-02 15:04:02,32.7941,-79.8626,82.06,81,75,5.01
520,Roald,NO,2021-09-02 15:06:50,62.5833,6.1333,61.11,100,75,18.41
521,Valdez,EC,2021-09-02 15:06:51,1.2492,-78.9831,79.02,78,95,3.58
522,Conceicao Do Araguaia,BR,2021-09-02 15:06:53,-8.2578,-49.2647,84.18,50,99,5.75
523,Mount Gambier,AU,2021-09-02 15:05:17,-37.8333,140.7667,55.31,94,90,5.75
524,Maamba,ZM,2021-09-02 15:06:56,-17.3667,27.15,84.88,27,6,10.71
525,Amanganj,IN,2021-09-02 15:06:09,24.4333,80.0333,81.72,73,69,4.09
526,Camp Verde,US,2021-09-02 15:06:58,34.5636,-111.8543,76.84,81,30,2.73
527,Kangaatsiaq,GL,2021-09-02 15:06:59,68.3065,-53.4641,41.47,74,0,1.66
528,Kontagora,NG,2021-09-02 15:07:02,10.3999,5.4695,81.95,74,93,6.33
529,Nelson Bay,AU,2021-09-02 15:07:03,-32.7167,152.15,62.1,78,0,1.99
530,Baruun-Urt,MN,2021-09-02 15:07:04,46.6806,113.2792,55.65,94,100,9.17
531,Xinzhi,CN,2021-09-02 15:07:05,36.4989,111.7047,75.92,60,99,3.2
532,Burgersdorp,ZA,2021-09-02 15:07:05,-30.9977,26.3286,75.11,10,0,18.54
533,Qaqortoq,GL,2021-09-02 15:07:07,60.7167,-46.0333,52.3,97,100,7.07
534,Riberalta,BO,2021-09-02 15:07:09,-10.9833,-66.1,95.61,34,39,5.3
535,Valentin Gomez Farias,MX,2021-09-02 15:07:11,28.2167,-106.5833,67.71,74,95,2.57
536,Clyde River,CA,2021-09-02 15:07:12,70.4692,-68.5914,44.15,61,8,2.8
537,Roscrea,IE,2021-09-02 15:07:14,52.9511,-7.8017,62.28,72,31,5.23
538,Belmonte,BR,2021-09-02 15:07:16,-15.8631,-38.8828,73.9,65,12,6.11
539,Manokwari,ID,2021-09-02 15:07:18,-0.8667,134.0833,78.31,76,55,2.35
540,Loreto,MX,2021-09-02 15:07:19,22.2667,-101.9667,66.22,66,43,2.06
541,Makakilo City,US,2021-09-02 15:07:20,21.3469,-158.0858,77.32,73,90,4.61
542,Clarksville,US,2021-09-02 15:07:22,36.5298,-87.3595,74.28,77,1,1.99
543,Zyryanka,RU,2021-09-02 15:07:23,65.75,150.85,45.03,69,44,7.02
544,Tual,ID,2021-09-02 15:07:26,-5.6667,132.75,80.71,85,99,18.03
545,Arys,KZ,2021-09-02 15:07:26,42.4252,68.795,82.62,18,0,17.27
546,Alamor,EC,2021-09-02 15:07:27,-4.0181,-80.0197,61.48,51,54,3.78
547,Sabha,LY,2021-09-02 15:07:29,27.0377,14.4283,101.48,14,0,14.9
548,Ferme-Neuve,CA,2021-09-02 15:07:31,46.7001,-75.4493,51.39,79,100,7.78
549,Yakima,US,2021-09-02 15:07:35,46.4665,-120.6678,53.04,76,90,5.75
550,Valparaiso,CL,2021-09-02 15:07:36,-33.0393,-71.6273,56.32,92,90,4.61
551,Balingasay,PH,2021-09-02 15:07:38,16.3573,119.8564,83.3,72,98,5.55
552,Alihe,CN,2021-09-02 15:06:47,50.5667,123.7167,57.16,98,82,3.78
553,Thinadhoo,MV,2021-09-02 15:07:39,0.5333,72.9333,83.23,64,25,7.36
554,Ileza,RU,2021-09-02 15:07:40,61.0533,43.9002,46.56,70,100,7.07
555,Flinders,AU,2021-09-02 15:07:42,-34.5833,150.8552,62.2,85,8,1.99
556,Pelym,RU,2021-09-02 15:07:43,61.0108,61.9978,66.87,55,100,11.61
557,Sunrise Manor,US,2021-09-02 15:07:45,36.2111,-115.0731,84.24,55,1,9.22
558,Novopokrovka,UA,2021-09-02 15:07:46,49.8425,36.5477,57.58,85,100,16.28
559,Angoche,MZ,2021-09-02 15:07:48,-16.2325,39.9086,76.91,72,4,10.92
560,Anloga,GH,2021-09-02 15:07:50,5.7947,0.8973,74.44,93,100,11.68
561,Fairbanks,US,2021-09-02 15:07:52,64.8378,-147.7164,57.24,85,40,0.0
